Address,Name
0000000,Reset
0000004,UndefinedInstruction
0000008,SupervisorCall
0000010,DataAbort
0000014,NotUsed
000001c,FIQ
000218c,FUN_0000218c
000221c,FUN_0000221c
000224c,FUN_0000224c
000225c,FUN_0000225c
00022a8,thunk_FUN_000022a8
00022e4,thunk_FUN_000022e4
0002308,FUN_00002308
00023b4,FUN_000023b4
000241c,thunk_FUN_0000241c
0002470,FUN_00002470
00024a8,FUN_000024a8
00024e0,FUN_000024e0
00025cc,FUN_000025cc
0002662,FUN_00002662
0002688,FUN_00002688
000269c,FUN_0000269c
00026ae,FUN_000026ae
00026d2,FUN_000026d2
00026ee,FUN_000026ee
00026fc,FUN_000026fc
000270a,FUN_0000270a
0002834,FUN_00002834
0002846,thunk_FUN_00002846
0002860,FUN_00002860
0002892,FUN_00002892
00028dc,FUN_000028dc
00028fc,FUN_000028fc
000292e,FUN_0000292e
000296a,FUN_0000296a
000296c,FUN_0000296c
000296e,FUN_0000296e
0002a00,FUN_00002a00
0002a22,FUN_00002a22
0002a3e,FUN_00002a3e
0002a7e,FUN_00002a7e
0002aca,FUN_00002aca
0002acc,FUN_00002acc
0002aea,FUN_00002aea
0002b08,FUN_00002b08
0002b26,FUN_00002b26
0002b74,FUN_00002b74
0002bd4,FUN_00002bd4
0002c1a,FUN_00002c1a
0002e54,FUN_00002e54
0002e68,FUN_00002e68
0002f24,FUN_00002f24
0002f2a,FUN_00002f2a
0002f2c,FUN_00002f2c
0002f7e,FUN_00002f7e
0003004,FUN_00003004
0003064,FUN_00003064
0003198,FUN_00003198
0003258,FUN_00003258
0003260,FUN_00003260
00032d8,FUN_000032d8
00032f2,FUN_000032f2
0003314,FUN_00003314
0003490,FUN_00003490
0003496,FUN_00003496
00034a0,FUN_000034a0
00034f2,FUN_000034f2
000352c,FUN_0000352c
0003578,FUN_00003578
0003590,FUN_00003590
0003614,FUN_00003614
000361c,FUN_0000361c
0003624,FUN_00003624
000363e,FUN_0000363e
0003694,FUN_00003694
00036e0,FUN_000036e0
00036f4,FUN_000036f4
000372e,thunk_FUN_0000372e
0003768,FUN_00003768
0003782,FUN_00003782
000378e,thunk_FUN_0000378e
00038a4,FUN_000038a4
00038f6,thunk_FUN_000038f6
0003b4c,FUN_00003b4c
0003c14,FUN_00003c14
0003cb0,FUN_00003cb0
0003cda,FUN_00003cda
0003d78,FUN_00003d78
0003d88,FUN_00003d88
0003e2a,FUN_00003e2a
0003ede,FUN_00003ede
0003ee0,FUN_00003ee0
0003f22,FUN_00003f22
0003f2a,FUN_00003f2a
0003f30,FUN_00003f30
0003f58,FUN_00003f58
0003f88,FUN_00003f88
0003f8c,FUN_00003f8c
0003f90,FUN_00003f90
0003fc0,FUN_00003fc0
0004000,FUN_00004000
000402c,FUN_0000402c
0004060,FUN_00004060
0004288,FUN_00004288
000429a,FUN_0000429a
0004358,FUN_00004358
0004614,FUN_00004614
0004664,FUN_00004664
0004b98,FUN_00004b98
0004c28,FUN_00004c28
0004c5a,FUN_00004c5a
0004f9a,FUN_00004f9a
0005920,FUN_00005920
0005936,FUN_00005936
0005988,FUN_00005988
0005a94,FUN_00005a94
0005b00,FUN_00005b00
0005bf0,FUN_00005bf0
0005bfc,FUN_00005bfc
0005c14,FUN_00005c14
0005c38,FUN_00005c38
0005ec8,FUN_00005ec8
0005ed4,FUN_00005ed4
0005ee4,thunk_FUN_00005ee4
0005eec,FUN_00005eec
0005f28,FUN_00005f28
0005fa6,FUN_00005fa6
0005fe8,FUN_00005fe8
00060e8,FUN_000060e8
0006118,FUN_00006118
00061ec,FUN_000061ec
00064ba,FUN_000064ba
000655e,FUN_0000655e
000658c,FUN_0000658c
000659c,FUN_0000659c
00065ac,FUN_000065ac
00067f0,FUN_000067f0
0006830,FUN_00006830
0006958,FUN_00006958
0006a40,FUN_00006a40
0006a4c,FUN_00006a4c
0006a64,FUN_00006a64
0006a72,FUN_00006a72
0006aaa,FUN_00006aaa
0006abe,FUN_00006abe
0006b18,FUN_00006b18
0006b2e,FUN_00006b2e
0006b44,FUN_00006b44
0006b52,FUN_00006b52
0006b60,FUN_00006b60
0006b7c,FUN_00006b7c
0006c1a,FUN_00006c1a
0006cb0,FUN_00006cb0
0006cb2,FUN_00006cb2
0006cc0,FUN_00006cc0
0006d30,FUN_00006d30
0006d54,FUN_00006d54
0006d78,FUN_00006d78
0006da4,FUN_00006da4
0006dc8,FUN_00006dc8
0006de6,FUN_00006de6
0006e0e,FUN_00006e0e
0006e4a,FUN_00006e4a
0006e62,FUN_00006e62
0006f04,FUN_00006f04
0006f2c,FUN_00006f2c
0006f58,FUN_00006f58
0007018,FUN_00007018
000702c,FUN_0000702c
000703e,FUN_0000703e
0007054,FUN_00007054
000712c,FUN_0000712c
0007154,FUN_00007154
0007176,FUN_00007176
0007182,FUN_00007182
00071a0,FUN_000071a0
00071ae,FUN_000071ae
00071c8,FUN_000071c8
00071e2,FUN_000071e2
00071f0,FUN_000071f0
0007260,FUN_00007260
0007358,FUN_00007358
000736e,FUN_0000736e
00073c8,FUN_000073c8
0007538,thunk_FUN_00007538
0007768,FUN_00007768
00077d2,FUN_000077d2
00078dc,FUN_000078dc
0007978,FUN_00007978
0007a58,FUN_00007a58
0007aae,FUN_00007aae
0007acc,FUN_00007acc
0007b14,FUN_00007b14
0007b50,FUN_00007b50
0007be2,FUN_00007be2
0007c54,FUN_00007c54
0007cc2,FUN_00007cc2
0007d12,FUN_00007d12
0007d48,FUN_00007d48
0007d6c,FUN_00007d6c
0007d8c,FUN_00007d8c
0007e84,FUN_00007e84
00084bc,FUN_000084bc
00084cc,FUN_000084cc
00084f2,thunk_FUN_000084f2
0008550,FUN_00008550
000857a,FUN_0000857a
000869e,FUN_0000869e
0008738,FUN_00008738
000874a,FUN_0000874a
0008760,FUN_00008760
000878a,FUN_0000878a
0008798,FUN_00008798
00087a6,FUN_000087a6
00087cc,FUN_000087cc
00087e2,FUN_000087e2
00087f8,FUN_000087f8
0008808,FUN_00008808
0008840,FUN_00008840
0008860,thunk_FUN_00008860
00088ac,FUN_000088ac
0009268,FUN_00009268
0009290,FUN_00009290
0009298,FUN_00009298
000936e,FUN_0000936e
0009428,FUN_00009428
0009480,FUN_00009480
0009498,FUN_00009498
0009802,FUN_00009802
000980a,FUN_0000980a
0009828,FUN_00009828
000984e,thunk_FUN_0000984e
0009ad2,FUN_00009ad2
0009aec,FUN_00009aec
0009f2c,FUN_00009f2c
0009f46,FUN_00009f46
0009f54,FUN_00009f54
000a194,FUN_0000a194
000a3a8,FUN_0000a3a8
000a480,FUN_0000a480
000a56a,FUN_0000a56a
000a57e,FUN_0000a57e
000a7a4,FUN_0000a7a4
000a7b6,FUN_0000a7b6
000a7c0,FUN_0000a7c0
000a814,FUN_0000a814
000a8ec,FUN_0000a8ec
000a8ee,FUN_0000a8ee
000a95e,FUN_0000a95e
000a9c4,FUN_0000a9c4
000aca2,FUN_0000aca2
000af62,FUN_0000af62
000b058,FUN_0000b058
000b138,FUN_0000b138
000b1b8,FUN_0000b1b8
000b326,FUN_0000b326
000b32e,FUN_0000b32e
000b56c,FUN_0000b56c
000b578,FUN_0000b578
000b5c0,FUN_0000b5c0
000b77e,FUN_0000b77e
000b8ae,FUN_0000b8ae
000b93a,FUN_0000b93a
000b9f8,FUN_0000b9f8
000ba04,FUN_0000ba04
000ba3c,thunk_FUN_0000ba3c
000ba5c,thunk_FUN_0000ba5c
000bab4,thunk_FUN_0000bab4
000bdb2,FUN_0000bdb2
000bdc4,FUN_0000bdc4
000bfe8,FUN_0000bfe8
000c0f0,thunk_FUN_0000c0f0
000c1c4,FUN_0000c1c4
000c230,thunk_FUN_0000c230
000c244,thunk_FUN_0000c244
000c288,thunk_FUN_0000c288
000c2e0,thunk_FUN_0000c2e0
000c304,thunk_FUN_0000c304
000c328,thunk_FUN_0000c328
000c55c,FUN_0000c55c
000c588,thunk_FUN_0000c588
000c5a0,thunk_FUN_0000c5a0
000c5b4,FUN_0000c5b4
000c5bc,FUN_0000c5bc
000c642,FUN_0000c642
000c65a,FUN_0000c65a
000c6be,FUN_0000c6be
000c6d6,FUN_0000c6d6
000c6f8,thunk_FUN_0000c6f8
000c714,FUN_0000c714
000c746,FUN_0000c746
000c7a4,FUN_0000c7a4
000c7be,FUN_0000c7be
000c7d0,FUN_0000c7d0
000c804,FUN_0000c804
000c82a,FUN_0000c82a
000c884,FUN_0000c884
000c894,FUN_0000c894
000c8f8,thunk_FUN_0000c8f8
000c90c,FUN_0000c90c
000c952,FUN_0000c952
000c962,FUN_0000c962
000c99a,FUN_0000c99a
000c9aa,FUN_0000c9aa
000c9f0,FUN_0000c9f0
000ca00,FUN_0000ca00
000ca10,FUN_0000ca10
000ca64,FUN_0000ca64
000ca9c,thunk_FUN_0000ca9c
000cc6c,FUN_0000cc6c
000cd90,FUN_0000cd90
000cffc,FUN_0000cffc
000d006,FUN_0000d006
000d014,FUN_0000d014
000d040,FUN_0000d040
000d04c,FUN_0000d04c
000d052,FUN_0000d052
000d05a,FUN_0000d05a
000d062,FUN_0000d062
000d07c,FUN_0000d07c
000d088,FUN_0000d088
000d09c,FUN_0000d09c
000d0a8,FUN_0000d0a8
000d0c8,FUN_0000d0c8
000d0d4,FUN_0000d0d4
000d0d8,FUN_0000d0d8
000d0ec,FUN_0000d0ec
000d0fa,FUN_0000d0fa
000d100,FUN_0000d100
000d108,FUN_0000d108
000d14c,FUN_0000d14c
000d158,FUN_0000d158
000d164,FUN_0000d164
000d17c,FUN_0000d17c
000d180,FUN_0000d180
000d192,FUN_0000d192
000d1b2,FUN_0000d1b2
000d1c4,FUN_0000d1c4
000d1d0,FUN_0000d1d0
000d1da,FUN_0000d1da
000d1e4,FUN_0000d1e4
000d1ee,FUN_0000d1ee
000d1f8,FUN_0000d1f8
000d1fe,FUN_0000d1fe
000d208,FUN_0000d208
000d218,FUN_0000d218
000d222,FUN_0000d222
000d22c,FUN_0000d22c
000d234,FUN_0000d234
000d240,FUN_0000d240
000d250,FUN_0000d250
000d25c,FUN_0000d25c
000d26c,FUN_0000d26c
000d276,FUN_0000d276
000d286,FUN_0000d286
000d2f4,FUN_0000d2f4
000d384,FUN_0000d384
000d47a,FUN_0000d47a
000d52a,FUN_0000d52a
000d568,FUN_0000d568
000d6e0,FUN_0000d6e0
000d6f4,FUN_0000d6f4
000d7e8,FUN_0000d7e8
000d800,FUN_0000d800
000d818,FUN_0000d818
000d824,FUN_0000d824
000d830,FUN_0000d830
000d84c,FUN_0000d84c
000d860,thunk_FUN_0000d860
000d890,FUN_0000d890
000d892,FUN_0000d892
000d894,FUN_0000d894
000d896,FUN_0000d896
000d898,FUN_0000d898
000d89c,FUN_0000d89c
000d89e,FUN_0000d89e
000d8a4,thunk_FUN_0000d8a4
000d8b4,thunk_FUN_0000d8b4
000d8c4,thunk_FUN_0000d8c4
000d94a,FUN_0000d94a
000d97a,FUN_0000d97a
000d9a2,FUN_0000d9a2
000d9f8,FUN_0000d9f8
000da1a,FUN_0000da1a
000da64,FUN_0000da64
000da8c,FUN_0000da8c
000dad8,FUN_0000dad8
000dae8,FUN_0000dae8
000db30,FUN_0000db30
000dbac,FUN_0000dbac
000dbf0,FUN_0000dbf0
000dc08,FUN_0000dc08
000dc14,FUN_0000dc14
000dc64,FUN_0000dc64
000dcc8,FUN_0000dcc8
000dd28,FUN_0000dd28
000dd54,FUN_0000dd54
000dda0,FUN_0000dda0
000de14,FUN_0000de14
000de1c,FUN_0000de1c
000de4c,FUN_0000de4c
000dedc,FUN_0000dedc
000df80,FUN_0000df80
000e028,thunk_FUN_0000e028
000e060,FUN_0000e060
000e14c,FUN_0000e14c
000e1d0,FUN_0000e1d0
000e204,FUN_0000e204
000e238,FUN_0000e238
000e288,FUN_0000e288
000e2c8,FUN_0000e2c8
000e2dc,FUN_0000e2dc
000e310,FUN_0000e310
000e33c,FUN_0000e33c
000e370,FUN_0000e370
000e55c,FUN_0000e55c
000e6c0,FUN_0000e6c0
000e6c8,FUN_0000e6c8
000e6d8,FUN_0000e6d8
000e6e6,FUN_0000e6e6
000e708,FUN_0000e708
000e758,FUN_0000e758
000e7d2,FUN_0000e7d2
000e7e8,FUN_0000e7e8
000e80c,FUN_0000e80c
000e85e,FUN_0000e85e
000e866,FUN_0000e866
000e86a,FUN_0000e86a
000e884,FUN_0000e884
000e8ae,FUN_0000e8ae
000e8b8,FUN_0000e8b8
000e8d0,FUN_0000e8d0
